{
  "CHANGELOG.md": "af86e1accf7dede8c50ce8a4f5768695",
  "Gemfile": "6d95379be31449306bcf402f0cda7220",
  "LICENSE": "dd6462909b746fc9ec71656f9e9c71f9",
  "README.md": "f22c0d26a8b8241e2cbfdc03e96c488e",
  "Rakefile": "9fa53df215e4b68e62591deac3aad5ba",
  "doc/_index.html": "e1525a6325b5b9197089b62328081d81",
  "doc/class_list.html": "df3822cb5da9530ffae15488dd4de58f",
  "doc/css/common.css": "fbc1658e442bffc548981ce7d81b0e49",
  "doc/css/full_list.css": "e1ec5115f4678514de990e9796ce3734",
  "doc/css/style.css": "63d1f02785ad86fe0b1b402aa7a78827",
  "doc/file.README.html": "e506d0fb2a2eb1015bd2d76d8c5b78e3",
  "doc/file_list.html": "f6dfd3eb412c3aa1ebff94d132d48b23",
  "doc/frames.html": "02a3e835105d4fbe762e27d82b70bc28",
  "doc/index.html": "49d65db3d769f7737efae580030d3db7",
  "doc/js/app.js": "4a445ef2b0260c1903fdd5dfa222a4c5",
  "doc/js/full_list.js": "3ce34d62498c53ac637516bf4bf2afab",
  "doc/js/jquery.js": "ddb84c1587287b2df08966081ef063bf",
  "doc/method_list.html": "b34edcc70edff58a3ebb3e06b5199878",
  "doc/top-level-namespace.html": "bddec232209aa5042c5a30aba5f60c13",
  "lib/puppet/provider/sysctl/augeas.rb": "0be0fe71b89b482199208b8435077613",
  "lib/puppet/type/sysctl.rb": "3a9f4ce069aed25da6a53597220190fc",
  "metadata.json": "76ec184eeeeff075a3e467644ce6ce6e",
  "spec/acceptance/nodesets/default.yml": "f013465162275ede2d52e2e91ef4c55b",
  "spec/acceptance/sysctl_spec.rb": "99627857dda3b4cd570558060a4801a4",
  "spec/fixtures/unit/puppet/provider/sysctl/augeas/broken": "d1e3eb972f9f20e4fde7066384fc4a49",
  "spec/fixtures/unit/puppet/provider/sysctl/augeas/empty": "d41d8cd98f00b204e9800998ecf8427e",
  "spec/fixtures/unit/puppet/provider/sysctl/augeas/full": "f647c9efc637e452c88259ab7f90e71c",
  "spec/fixtures/unit/puppet/provider/sysctl/augeas/small": "f7c2d9f63cd00cca8d055bcf83e4911c",
  "spec/spec.opts": "a600ded995d948e393fbe2320ba8e51c",
  "spec/spec_helper.rb": "2958e995ae4f71a3cfe5e5c1c27cd7db",
  "spec/spec_helper_acceptance.rb": "aefba3bd5659c66d1800b78f207e597b",
  "spec/unit/puppet/provider/sysctl/augeas_spec.rb": "419be894b2f4ed9005215b087af33ad2",
  "spec/unit/puppet/type/sysctl_spec.rb": "3b81eadeece6f1be7ba84d4855cc098b"
}