{
  "name": "puphpet-composer",
  "version": "1.5.0",
  "author": "tPl0ch - Thomas Ploch <profiploch@gmail.com>",
  "summary": "This module provides the 'Composer' PHP dependency manager.",
  "license": "MIT",
  "source": "https://github.com/puphpet/puppet-composer.git",
  "project_page": "https://github.com/puphpet/puppet-composer",
  "issues_url": "https://github.com/puphpet/puppet-composer/issues",
  "tags": ["composer", "php"],
  "dependencies": [
    {"name":"puppetlabs/git","version_requirement":">= 0.0.2"},
    {"name":"puppetlabs/stdlib","version_requirement":">= 1.0.2 <5.0.0"}
  ],
  "operatingsystem_support": [
    {
      "operatingsystem": "RedHat",
      "operatingsystemrelease": [
        "5",
        "6",
        "7"
      ]
    },
    {
      "operatingsystem": "FreeBSD",
      "operatingsystemrelease": [
        "8",
        "9",
        "10",
        "11"
      ]
    },
    {
      "operatingsystem": "CentOS",
      "operatingsystemrelease": [
        "5",
        "6",
        "7"
      ]
    },
    {
      "operatingsystem": "OracleLinux",
      "operatingsystemrelease": [
        "6",
        "7"
      ]
    },
    {
      "operatingsystem": "Scientific",
      "operatingsystemrelease": [
        "5",
        "6",
        "7"
      ]
    },
    {
      "operatingsystem": "Debian",
      "operatingsystemrelease": [
        "6",
        "7"
      ]
    },
    {
      "operatingsystem": "Ubuntu",
      "operatingsystemrelease": [
        "10.04",
        "12.04",
        "14.04"
      ]
    }
  ]
}
